﻿<?xml version="1.0" encoding="utf-8"?>
<Roots xmlns="clr-namespace:Microsoft.Xaml.Tools.XamlCompiler.RootLog;assembly=Microsoft.Windows.UI.Xaml.81.Build.Tasks">
  <Roots.RootTypes>
    <RootType FullName="Windows.UI.Xaml.Controls.UserControl">
      <RootProperty Name="Content" />
    </RootType>
    <RootType FullName="Windows.UI.Xaml.Controls.Grid">
      <RootProperty Name="Background" />
      <RootProperty Name="Margin" />
      <RootProperty Name="RowDefinitions" />
      <RootProperty Name="Children" />
      <RootMethod Name="GetRow" />
      <RootMethod Name="SetRow" />
    </RootType>
    <RootType FullName="Windows.UI.Xaml.Controls.RowDefinition">
      <RootProperty Name="Height" />
    </RootType>
    <RootType FullName="Windows.UI.Xaml.Controls.CaptureElement">
      <RootProperty Name="Name" />
      <RootProperty Name="Stretch" />
    </RootType>
    <RootType FullName="Windows.UI.Xaml.Controls.StackPanel">
      <RootProperty Name="Background" />
      <RootProperty Name="Children" />
    </RootType>
    <RootType FullName="Windows.UI.Xaml.Controls.AppBarButton">
      <RootProperty Name="VerticalAlignment" />
      <RootProperty Name="HorizontalAlignment" />
      <RootProperty Name="Icon" />
      <RootEvent Name="Click" />
    </RootType>
    <RootType FullName="Plugin.Media.CameraCaptureUI" />
    <RootType FullName="Windows.UI.Xaml.Controls.Page">
      <RootProperty Name="Background" />
      <RootProperty Name="Content" />
    </RootType>
    <RootType FullName="Microsoft.Xaml.Tools.DirectUI.ProxyTypes.ThemeResourceExtension" />
    <RootType FullName="Plugin.Media.CameraCaptureUIPage" />
  </Roots.RootTypes>
</Roots>
